token_cap,reserved_slots,refill,proc_delay,repeat,success,failures,processed,tokens_left,max_queue_len,time_ms,elapsed_ms,exit_code,logfile
32,16,4,1,1,528,2672,528,32,496,1597.742,1597.742,0,
32,16,4,2,1,520,2680,520,32,496,1507.058,1507.058,0,
32,16,4,5,1,528,2672,528,32,496,3032.214,3032.214,0,
32,16,8,1,1,528,2672,528,32,496,1005.98,1005.98,0,
32,16,8,2,1,528,2672,528,32,496,1485.314,1485.314,0,
32,16,8,5,1,527,2673,527,32,496,3035.048,3035.048,0,
32,16,16,1,1,521,2679,521,32,496,978.446,978.446,0,
32,16,16,2,1,528,2672,528,32,496,1474.966,1474.966,0,
32,16,16,5,1,520,2680,520,32,496,2995.057,2995.057,0,
32,32,4,1,1,528,2672,528,32,496,1074.57,1074.57,0,
32,32,4,2,1,528,2672,528,32,496,1492.726,1492.726,0,
32,32,4,5,1,528,2672,528,32,496,3032.522,3032.522,0,
32,32,8,1,1,528,2672,528,32,496,1001.867,1001.867,0,
32,32,8,2,1,516,2684,516,32,496,1457.666,1457.666,0,
32,32,8,5,1,527,2673,527,32,496,3043.124,3043.124,0,
32,32,16,1,1,527,2673,527,32,496,972.989,972.989,0,
32,32,16,2,1,527,2673,527,32,496,1448.523,1448.523,0,
32,32,16,5,1,528,2672,528,32,496,3041.925,3041.925,0,
32,64,4,1,1,528,2672,528,32,496,1000.683,1000.683,0,
32,64,4,2,1,528,2672,528,32,496,1486.356,1486.356,0,
32,64,4,5,1,513,2687,513,32,496,2967.556,2967.556,0,
32,64,8,1,1,527,2673,527,32,496,987.524,987.524,0,
32,64,8,2,1,528,2672,528,32,496,1515.421,1515.421,0,
32,64,8,5,1,528,2672,528,32,496,3059.442,3059.442,0,
32,64,16,1,1,528,2672,528,32,496,1118.153,1118.153,0,
32,64,16,2,1,528,2672,528,32,496,1984.212,1984.212,0,
32,64,16,5,1,528,2672,528,32,496,3042.138,3042.138,0,
32,128,4,1,1,528,2672,528,32,496,972.078,972.078,0,
32,128,4,2,1,527,2673,527,32,496,1540.864,1540.864,0,
32,128,4,5,1,512,2688,512,32,496,3245.313,3245.313,0,
32,128,8,1,1,528,2672,528,32,496,12410.128,12410.128,0,
32,128,8,2,1,528,2672,528,32,496,1485.196,1485.196,0,
32,128,8,5,1,528,2672,528,32,496,3044.41,3044.41,0,
32,128,16,1,1,528,2672,528,32,496,1023.189,1023.189,0,
32,128,16,2,1,521,2679,521,32,496,1579.178,1579.178,0,
32,128,16,5,1,527,2673,527,32,496,3085.588,3085.588,0,
64,16,4,1,1,527,2673,527,64,496,1060.611,1060.611,0,
64,16,4,2,1,528,2672,528,64,496,1523.224,1523.224,0,
64,16,4,5,1,528,2672,528,64,496,3360.76,3360.76,0,
64,16,8,1,1,527,2673,527,64,496,984.925,984.925,0,
64,16,8,2,1,522,2678,522,64,496,1454.19,1454.19,0,
64,16,8,5,1,528,2672,528,64,496,3040.426,3040.426,0,
64,16,16,1,1,523,2677,523,64,496,982.885,982.885,0,
64,16,16,2,1,528,2672,528,64,496,1477.846,1477.846,0,
64,16,16,5,1,528,2672,528,64,496,3033.658,3033.658,0,
64,32,4,1,1,528,2672,528,64,496,999.071,999.071,0,
64,32,4,2,1,528,2672,528,64,496,1480.992,1480.992,0,
64,32,4,5,1,528,2672,528,64,496,3066.887,3066.887,0,
64,32,8,1,1,528,2672,528,64,496,1126.859,1126.859,0,
64,32,8,2,1,528,2672,528,64,496,1545.487,1545.487,0,
64,32,8,5,1,528,2672,528,64,496,3065.285,3065.285,0,
64,32,16,1,1,527,2673,527,64,496,1097.521,1097.521,0,
64,32,16,2,1,528,2672,528,64,496,1487.615,1487.615,0,
64,32,16,5,1,528,2672,528,64,496,3064.003,3064.003,0,
64,64,4,1,1,528,2672,528,64,496,984.244,984.244,0,
64,64,4,2,1,513,2687,513,64,496,1424.05,1424.05,0,
64,64,4,5,1,527,2673,527,64,496,3072.945,3072.945,0,
64,64,8,1,1,527,2673,527,64,496,984.192,984.192,0,
64,64,8,2,1,528,2672,528,64,496,1474.156,1474.156,0,
64,64,8,5,1,528,2672,528,64,496,3018.428,3018.428,0,
64,64,16,1,1,528,2672,528,64,496,984.054,984.054,0,
64,64,16,2,1,528,2672,528,64,496,1456.725,1456.725,0,
64,64,16,5,1,528,2672,528,64,496,3035.331,3035.331,0,
64,128,4,1,1,528,2672,528,64,496,968.965,968.965,0,
64,128,4,2,1,528,2672,528,64,496,1455.37,1455.37,0,
64,128,4,5,1,528,2672,528,64,496,3065.948,3065.948,0,
64,128,8,1,1,528,2672,528,64,496,974.098,974.098,0,
64,128,8,2,1,528,2672,528,64,496,1478.027,1478.027,0,
64,128,8,5,1,528,2672,528,64,496,3030.824,3030.824,0,
64,128,16,1,1,528,2672,528,64,496,970.134,970.134,0,
64,128,16,2,1,528,2672,528,64,496,1457.12,1457.12,0,
64,128,16,5,1,528,2672,528,64,496,3025.582,3025.582,0,
128,16,4,1,1,528,2672,528,128,496,967.3,967.3,0,
128,16,4,2,1,527,2673,527,128,496,1465.695,1465.695,0,
128,16,4,5,1,528,2672,528,128,496,3047.138,3047.138,0,
128,16,8,1,1,528,2672,528,128,496,995.342,995.342,0,
128,16,8,2,1,527,2673,527,128,496,1472.902,1472.902,0,
128,16,8,5,1,527,2673,527,128,496,3045.721,3045.721,0,
128,16,16,1,1,528,2672,528,128,496,989.146,989.146,0,
128,16,16,2,1,528,2672,528,128,496,1514.232,1514.232,0,
128,16,16,5,1,528,2672,528,128,496,3079.565,3079.565,0,
128,32,4,1,1,528,2672,528,128,496,971.896,971.896,0,
128,32,4,2,1,528,2672,528,128,496,1483.257,1483.257,0,
128,32,4,5,1,528,2672,528,128,496,3071.533,3071.533,0,
128,32,8,1,1,520,2680,520,128,496,979.962,979.962,0,
128,32,8,2,1,528,2672,528,128,496,1500.074,1500.074,0,
128,32,8,5,1,528,2672,528,128,496,3040.232,3040.232,0,
128,32,16,1,1,513,2687,513,128,496,1005.872,1005.872,0,
128,32,16,2,1,528,2672,528,128,496,1478.254,1478.254,0,
128,32,16,5,1,527,2673,527,128,496,3019.542,3019.542,0,
128,64,4,1,1,528,2672,528,128,496,1002.49,1002.49,0,
128,64,4,2,1,528,2672,528,128,496,1495.55,1495.55,0,
128,64,4,5,1,520,2680,520,128,496,2979.561,2979.561,0,
128,64,8,1,1,528,2672,528,128,496,1016.819,1016.819,0,
128,64,8,2,1,528,2672,528,128,496,1517.608,1517.608,0,
128,64,8,5,1,513,2687,513,128,496,2993.894,2993.894,0,
128,64,16,1,1,527,2673,527,128,496,1071.686,1071.686,0,
128,64,16,2,1,528,2672,528,128,496,1557.337,1557.337,0,
128,64,16,5,1,528,2672,528,128,496,3133.047,3133.047,0,
128,128,4,1,1,528,2672,528,128,496,1040.979,1040.979,0,
128,128,4,2,1,528,2672,528,128,496,1564.89,1564.89,0,
128,128,4,5,1,528,2672,528,128,496,3128.94,3128.94,0,
128,128,8,1,1,513,2687,513,128,496,1015.793,1015.793,0,
128,128,8,2,1,528,2672,528,128,496,1555.384,1555.384,0,
128,128,8,5,1,528,2672,528,128,496,3168.93,3168.93,0,
128,128,16,1,1,528,2672,528,128,496,990.524,990.524,0,
128,128,16,2,1,517,2683,517,128,496,1440.659,1440.659,0,
128,128,16,5,1,527,2673,527,128,496,3054.263,3054.263,0,
256,16,4,1,1,528,2672,528,132,496,1120.001,1120.001,0,
256,16,4,2,1,528,2672,528,132,496,1550.059,1550.059,0,
256,16,4,5,1,520,2680,520,136,496,3080.522,3080.522,0,
256,16,8,1,1,528,2672,528,256,496,1022.028,1022.028,0,
256,16,8,2,1,523,2677,523,256,496,1494.017,1494.017,0,
256,16,8,5,1,528,2672,528,256,496,3076.111,3076.111,0,
256,16,16,1,1,517,2683,517,256,496,970.279,970.279,0,
256,16,16,2,1,528,2672,528,256,496,1469.679,1469.679,0,
256,16,16,5,1,527,2673,527,256,496,3029.382,3029.382,0,
256,32,4,1,1,527,2673,527,141,496,986.623,986.623,0,
256,32,4,2,1,528,2672,528,140,496,1453.295,1453.295,0,
256,32,4,5,1,527,2673,527,140,496,3041.165,3041.165,0,
256,32,8,1,1,528,2672,528,256,496,977.672,977.672,0,
256,32,8,2,1,528,2672,528,256,496,1480.685,1480.685,0,
256,32,8,5,1,528,2672,528,256,496,3025.034,3025.034,0,
256,32,16,1,1,528,2672,528,256,496,975.067,975.067,0,
256,32,16,2,1,527,2673,527,256,496,1457.969,1457.969,0,
256,32,16,5,1,528,2672,528,256,496,3050.481,3050.481,0,
256,64,4,1,1,528,2672,528,155,496,967.859,967.859,0,
256,64,4,2,1,528,2672,528,155,496,1456.885,1456.885,0,
256,64,4,5,1,528,2672,528,156,496,3033.919,3033.919,0,
256,64,8,1,1,528,2672,528,256,496,969.437,969.437,0,
256,64,8,2,1,528,2672,528,256,496,1478.347,1478.347,0,
256,64,8,5,1,527,2673,527,256,496,3026.687,3026.687,0,
256,64,16,1,1,528,2672,528,256,496,968.511,968.511,0,
256,64,16,2,1,513,2687,513,256,496,1442.547,1442.547,0,
256,64,16,5,1,527,2673,527,256,496,3037.934,3037.934,0,
256,128,4,1,1,528,2672,528,188,496,1003.452,1003.452,0,
256,128,4,2,1,528,2672,528,196,496,1455.136,1455.136,0,
256,128,4,5,1,528,2672,528,187,496,3026.072,3026.072,0,
256,128,8,1,1,517,2683,517,256,496,951.177,951.177,0,
256,128,8,2,1,526,2674,526,256,496,1473.061,1473.061,0,
256,128,8,5,1,528,2672,528,256,496,3319.51,3319.51,0,
256,128,16,1,1,528,2672,528,256,496,1029.442,1029.442,0,
256,128,16,2,1,518,2682,518,256,496,1458.109,1458.109,0,
256,128,16,5,1,523,2677,523,256,496,3019.75,3019.75,0,
512,16,4,1,1,528,2672,528,388,496,1023.144,1023.144,0,
512,16,4,2,1,528,2672,528,396,496,1469.899,1469.899,0,
512,16,4,5,1,520,2680,520,392,496,3018.868,3018.868,0,
512,16,8,1,1,528,2672,528,512,496,986.54,986.54,0,
512,16,8,2,1,528,2672,528,512,496,1483.883,1483.883,0,
512,16,8,5,1,528,2672,528,512,496,3050.343,3050.343,0,
512,16,16,1,1,528,2672,528,512,496,987.709,987.709,0,
512,16,16,2,1,528,2672,528,512,496,1455.361,1455.361,0,
512,16,16,5,1,528,2672,528,512,496,3053.211,3053.211,0,
512,32,4,1,1,527,2673,527,396,496,1002.112,1002.112,0,
512,32,4,2,1,527,2673,527,396,496,1452.6,1452.6,0,
512,32,4,5,1,528,2672,528,396,496,3017.418,3017.418,0,
512,32,8,1,1,528,2672,528,512,496,978.861,978.861,0,
512,32,8,2,1,516,2684,516,512,496,1422.822,1422.822,0,
512,32,8,5,1,528,2672,528,512,496,3027.063,3027.063,0,
512,32,16,1,1,528,2672,528,512,496,989.112,989.112,0,
512,32,16,2,1,528,2672,528,512,496,1473.95,1473.95,0,
512,32,16,5,1,520,2680,520,512,496,2982.303,2982.303,0,
512,64,4,1,1,528,2672,528,412,496,973.751,973.751,0,
512,64,4,2,1,528,2672,528,412,496,1463.424,1463.424,0,
512,64,4,5,1,528,2672,528,412,496,3039.956,3039.956,0,
512,64,8,1,1,528,2672,528,512,496,996.274,996.274,0,
512,64,8,2,1,525,2675,525,512,496,1462.936,1462.936,0,
512,64,8,5,1,528,2672,528,512,496,3034.206,3034.206,0,
512,64,16,1,1,528,2672,528,512,496,991.799,991.799,0,
512,64,16,2,1,528,2672,528,512,496,1478.114,1478.114,0,
512,64,16,5,1,528,2672,528,512,496,3077.154,3077.154,0,
512,128,4,1,1,528,2672,528,445,496,1029.166,1029.166,0,
512,128,4,2,1,528,2672,528,444,496,1513.878,1513.878,0,
512,128,4,5,1,527,2673,527,445,496,3038.704,3038.704,0,
512,128,8,1,1,528,2672,528,512,496,998.393,998.393,0,
512,128,8,2,1,523,2677,523,512,496,1454.21,1454.21,0,
512,128,8,5,1,528,2672,528,512,496,3022.216,3022.216,0,
512,128,16,1,1,522,2678,522,512,496,974.961,974.961,0,
512,128,16,2,1,521,2679,521,512,496,1439.677,1439.677,0,
512,128,16,5,1,528,2672,528,512,496,3073.324,3073.324,0,
